player_id,web_name,first,second,team_id,position,price_gbp,as_of_utc
1,Raya,David,Raya Martín,1,GKP,5.5,2025-08-05 11:41:48.981601
2,Arrizabalaga,Kepa,Arrizabalaga Revuelta,1,GKP,4.5,2025-08-05 11:41:48.981601
3,Hein,Karl,Hein,1,GKP,4.0,2025-08-05 11:41:48.981601
4,Setford,Tommy,Setford,1,GKP,4.0,2025-08-05 11:41:48.981601
5,Gabriel,Gabriel,dos Santos Magalhães,1,DEF,6.0,2025-08-05 11:41:48.981601
6,Saliba,William,Saliba,1,DEF,6.0,2025-08-05 11:41:48.981601
7,Calafiori,Riccardo,Calafiori,1,DEF,5.5,2025-08-05 11:41:48.981601
8,J.Timber,Jurriën,Timber,1,DEF,5.5,2025-08-05 11:41:48.981601
9,Kiwior,Jakub,Kiwior,1,DEF,5.5,2025-08-05 11:41:48.981601
10,Lewis-Skelly,Myles,Lewis-Skelly,1,DEF,5.5,2025-08-05 11:41:48.981601
11,White,Benjamin,White,1,DEF,5.5,2025-08-05 11:41:48.981601
12,Zinchenko,Oleksandr,Zinchenko,1,DEF,5.0,2025-08-05 11:41:48.981601
13,Clarke,Brayden,Clarke,1,DEF,4.0,2025-08-05 11:41:48.981601
14,Kacurri,Maldini,Kacurri,1,DEF,4.0,2025-08-05 11:41:48.981601
15,Nichols,Josh,Nichols,1,DEF,4.0,2025-08-05 11:41:48.981601
16,Saka,Bukayo,Saka,1,MID,10.0,2025-08-05 11:41:48.981601
17,Ødegaard,Martin,Ødegaard,1,MID,8.0,2025-08-05 11:41:48.981601
18,Madueke,Noni,Madueke,1,MID,7.0,2025-08-05 11:41:48.981601
19,Martinelli,Gabriel,Martinelli Silva,1,MID,7.0,2025-08-05 11:41:48.981601
20,Trossard,Leandro,Trossard,1,MID,7.0,2025-08-05 11:41:48.981601
21,Rice,Declan,Rice,1,MID,6.5,2025-08-05 11:41:48.981601
22,Merino,Mikel,Merino Zazón,1,MID,6.0,2025-08-05 11:41:48.981601
23,Fábio Vieira,Fábio,Ferreira Vieira,1,MID,5.5,2025-08-05 11:41:48.981601
24,Nørgaard,Christian,Nørgaard,1,MID,5.5,2025-08-05 11:41:48.981601
25,Nwaneri,Ethan,Nwaneri,1,MID,5.5,2025-08-05 11:41:48.981601
26,Zubimendi,Martín,Zubimendi Ibáñez,1,MID,5.5,2025-08-05 11:41:48.981601
27,Nelson,Reiss,Nelson,1,MID,5.0,2025-08-05 11:41:48.981601
28,Kabia,Ismeal,Kabia,1,MID,4.5,2025-08-05 11:41:48.981601
29,Sambi,Albert,Sambi Lokonga,1,MID,4.5,2025-08-05 11:41:48.981601
30,Havertz,Kai,Havertz,1,FWD,7.5,2025-08-05 11:41:48.981601
31,G.Jesus,Gabriel,Fernando de Jesus,1,FWD,6.5,2025-08-05 11:41:48.981601
662,Mosquera,Cristhian,Mosquera,1,DEF,5.5,2025-08-05 11:41:48.981601
666,Gyökeres,Viktor,Gyökeres,1,FWD,9.0,2025-08-05 11:41:48.981601
32,Martinez,Emiliano,Martínez Romero,2,GKP,5.0,2025-08-05 11:41:48.981601
33,M.Bizot,Marco,Bizot,2,GKP,4.5,2025-08-05 11:41:48.981601
34,Gauci,Joe,Gauci,2,GKP,4.0,2025-08-05 11:41:48.981601
35,Marschall,Filip,Marschall,2,GKP,4.0,2025-08-05 11:41:48.981601
36,Cash,Matty,Cash,2,DEF,4.5,2025-08-05 11:41:48.981601
37,Digne,Lucas,Digne,2,DEF,4.5,2025-08-05 11:41:48.981601
38,Konsa,Ezri,Konsa Ngoyo,2,DEF,4.5,2025-08-05 11:41:48.981601
39,Maatsen,Ian,Maatsen,2,DEF,4.5,2025-08-05 11:41:48.981601
40,Mings,Tyrone,Mings,2,DEF,4.5,2025-08-05 11:41:48.981601
41,Pau,Pau,Torres,2,DEF,4.5,2025-08-05 11:41:48.981601
42,A.García,Andrés,García,2,DEF,4.0,2025-08-05 11:41:48.981601
43,Alex Moreno,Álex,Moreno Lopera,2,DEF,4.0,2025-08-05 11:41:48.981601
44,Bogarde,Lamare,Bogarde,2,DEF,4.0,2025-08-05 11:41:48.981601
45,Sousa,Lino,da Cruz Sousa,2,DEF,4.0,2025-08-05 11:41:48.981601
46,Yasin,Yasin,Özcan,2,DEF,4.0,2025-08-05 11:41:48.981601
47,Rogers,Morgan,Rogers,2,MID,7.0,2025-08-05 11:41:48.981601
48,Tielemans,Youri,Tielemans,2,MID,6.0,2025-08-05 11:41:48.981601
49,Bailey,Leon,Bailey,2,MID,5.5,2025-08-05 11:41:48.981601
50,Buendía,Emiliano,Buendía Stati,2,MID,5.5,2025-08-05 11:41:48.981601
51,Iling Jr,Samuel,Iling-Junior,2,MID,5.5,2025-08-05 11:41:48.981601
52,J.Ramsey,Jacob,Ramsey,2,MID,5.5,2025-08-05 11:41:48.981601
53,Malen,Donyell,Malen,2,MID,5.5,2025-08-05 11:41:48.981601
54,McGinn,John,McGinn,2,MID,5.5,2025-08-05 11:41:48.981601
55,Barkley,Ross,Barkley,2,MID,5.0,2025-08-05 11:41:48.981601
56,Barrenechea,Enzo,Barrenechea,2,MID,5.0,2025-08-05 11:41:48.981601
57,Dobbin,Lewis,Dobbin,2,MID,5.0,2025-08-05 11:41:48.981601
58,Kamara,Boubacar,Kamara,2,MID,5.0,2025-08-05 11:41:48.981601
59,Onana,Amadou,Onana,2,MID,5.0,2025-08-05 11:41:48.981601
60,Broggio,Ben,Broggio,2,MID,4.5,2025-08-05 11:41:48.981601
61,Dendoncker,Leander,Dendoncker,2,MID,4.5,2025-08-05 11:41:48.981601
62,Jimoh-Aloba,Jamaldeen,Jimoh-Aloba,2,MID,4.5,2025-08-05 11:41:48.981601
63,Young,Kadan,Young,2,MID,4.5,2025-08-05 11:41:48.981601
64,Watkins,Ollie,Watkins,2,FWD,9.0,2025-08-05 11:41:48.981601
65,Redmond,Zépiqueno,Redmond,2,FWD,4.5,2025-08-05 11:41:48.981601
183,Weiss,Max,Weiß,3,GKP,4.5,2025-08-05 11:41:48.981601
184,Green,Etienne,Green,3,GKP,4.0,2025-08-05 11:41:48.981601
185,Hladký,Václav,Hladký,3,GKP,4.0,2025-08-05 11:41:48.981601
186,Roberts,Connor,Roberts,3,DEF,4.5,2025-08-05 11:41:48.981601
187,Walker,Kyle,Walker,3,DEF,4.5,2025-08-05 11:41:48.981601
188,Delcroix,Hannes,Delcroix,3,DEF,4.0,2025-08-05 11:41:48.981601
189,Dodgson,Owen,Dodgson,3,DEF,4.0,2025-08-05 11:41:48.981601
190,Ekdal,Hjalmar,Ekdal,3,DEF,4.0,2025-08-05 11:41:48.981601
191,Estève,Maxime,Estève,3,DEF,4.0,2025-08-05 11:41:48.981601
192,Hartman,Quilindschy,Hartman,3,DEF,4.0,2025-08-05 11:41:48.981601
193,Humphreys,Bashir,Humphreys,3,DEF,4.0,2025-08-05 11:41:48.981601
194,Jordan,Jordan,Beyer,3,DEF,4.0,2025-08-05 11:41:48.981601
195,Lucas Pires,Lucas,Pires Silva,3,DEF,4.0,2025-08-05 11:41:48.981601
196,Sambo,Shurandy,Sambo,3,DEF,4.0,2025-08-05 11:41:48.981601
197,Sonne,Oliver,Sonne,3,DEF,4.0,2025-08-05 11:41:48.981601
198,Tuanzebe,Axel,Tuanzebe,3,DEF,4.0,2025-08-05 11:41:48.981601
199,Worrall,Joe,Worrall,3,DEF,4.0,2025-08-05 11:41:48.981601
200,Anthony,Jaidon,Anthony,3,MID,5.5,2025-08-05 11:41:48.981601
201,Benson,Manuel,Benson Hedilazio,3,MID,5.5,2025-08-05 11:41:48.981601
202,Bruun Larsen,Jacob,Bruun Larsen,3,MID,5.5,2025-08-05 11:41:48.981601
203,Boateng,Enock,Agyei,3,MID,5.0,2025-08-05 11:41:48.981601
204,Churlinov,Darko,Churlinov,3,MID,5.0,2025-08-05 11:41:48.981601
205,Cullen,Josh,Cullen,3,MID,5.0,2025-08-05 11:41:48.981601
206,Edwards,Marcus,Edwards,3,MID,5.0,2025-08-05 11:41:48.981601
207,Hannibal,Hannibal,Mejbri,3,MID,5.0,2025-08-05 11:41:48.981601
208,Koleosho,Luca,Koleosho,3,MID,5.0,2025-08-05 11:41:48.981601
209,Laurent,Josh,Laurent,3,MID,5.0,2025-08-05 11:41:48.981601
210,Tchaouna,Loum,Tchaouna,3,MID,5.0,2025-08-05 11:41:48.981601
211,A.Ramsey,Aaron,Ramsey,3,MID,4.5,2025-08-05 11:41:48.981601
212,Adewumi,Oluwaseun,Adewumi,3,MID,4.5,2025-08-05 11:41:48.981601
213,Banel,Jaydon,Banel,3,MID,4.5,2025-08-05 11:41:48.981601
214,Trésor,Mike,Trésor Ndayishimiye,3,MID,4.5,2025-08-05 11:41:48.981601
215,Flemming,Zian,Flemming,3,FWD,5.5,2025-08-05 11:41:48.981601
216,Amdouni,Zeki,Amdouni,3,FWD,5.0,2025-08-05 11:41:48.981601
217,Foster,Lyle,Foster,3,FWD,5.0,2025-08-05 11:41:48.981601
218,Barnes,Ashley,Barnes,3,FWD,4.5,2025-08-05 11:41:48.981601
219,Obafemi,Michael,Obafemi,3,FWD,4.5,2025-08-05 11:41:48.981601
66,Neto,Norberto,Murara Neto,4,GKP,4.5,2025-08-05 11:41:48.981601
67,Petrović,Đorđe,Petrović,4,GKP,4.5,2025-08-05 11:41:48.981601
68,Dennis,Will,Dennis,4,GKP,4.0,2025-08-05 11:41:48.981601
69,McKenna,Callan,McKenna,4,GKP,4.0,2025-08-05 11:41:48.981601
70,Paulsen,Alex,Paulsen,4,GKP,4.0,2025-08-05 11:41:48.981601
71,Zabarnyi,Illia,Zabarnyi,4,DEF,5.0,2025-08-05 11:41:48.981601
72,Senesi,Marcos,Senesi Barón,4,DEF,4.5,2025-08-05 11:41:48.981601
73,Smith,Adam,Smith,4,DEF,4.5,2025-08-05 11:41:48.981601
74,Truffert,Adrien,Truffert,4,DEF,4.5,2025-08-05 11:41:48.981601
75,Akinmboni,Matai,Akinmboni,4,DEF,4.0,2025-08-05 11:41:48.981601
76,Bevan,Owen,Bevan,4,DEF,4.0,2025-08-05 11:41:48.981601
77,Hill,James,Hill,4,DEF,4.0,2025-08-05 11:41:48.981601
78,J.Araujo,Julián,Araujo Zúñiga,4,DEF,4.0,2025-08-05 11:41:48.981601
79,Mepham,Chris,Mepham,4,DEF,4.0,2025-08-05 11:41:48.981601
80,Soler,Julio,Soler Barreto,4,DEF,4.0,2025-08-05 11:41:48.981601
81,Kluivert,Justin,Kluivert,4,MID,7.0,2025-08-05 11:41:48.981601
82,Semenyo,Antoine,Semenyo,4,MID,7.0,2025-08-05 11:41:48.981601
83,O.Dango,Dango,Ouattara,4,MID,6.0,2025-08-05 11:41:48.981601
84,Tavernier,Marcus,Tavernier,4,MID,5.5,2025-08-05 11:41:48.981601
85,Adams,Tyler,Adams,4,MID,5.0,2025-08-05 11:41:48.981601
86,Brooks,David,Brooks,4,MID,5.0,2025-08-05 11:41:48.981601
87,Christie,Ryan,Christie,4,MID,5.0,2025-08-05 11:41:48.981601
88,Cook,Lewis,Cook,4,MID,5.0,2025-08-05 11:41:48.981601
89,Philip,Philip,Billing,4,MID,5.0,2025-08-05 11:41:48.981601
90,Scott,Alex,Scott,4,MID,5.0,2025-08-05 11:41:48.981601
91,Sinisterra,Luis,Sinisterra Lucumí,4,MID,5.0,2025-08-05 11:41:48.981601
92,Faivre,Romain,Faivre,4,MID,4.5,2025-08-05 11:41:48.981601
93,H.Traorè,Hamed,Traorè,4,MID,4.5,2025-08-05 11:41:48.981601
94,Sadi,Dominic,Sadi,4,MID,4.5,2025-08-05 11:41:48.981601
95,Silcott-Duberry,Zain,Silcott-Duberry,4,MID,4.5,2025-08-05 11:41:48.981601
96,Winterburn,Ben,Winterburn,4,MID,4.5,2025-08-05 11:41:48.981601
97,Evanilson,Francisco Evanilson,de Lima Barbosa,4,FWD,7.0,2025-08-05 11:41:48.981601
98,Enes Ünal,Enes,Ünal,4,FWD,5.5,2025-08-05 11:41:48.981601
99,Adu-Adjei,Daniel,Adu-Adjei,4,FWD,4.5,2025-08-05 11:41:48.981601
100,Kroupi.Jr,Eli Junior,Kroupi,4,FWD,4.5,2025-08-05 11:41:48.981601
101,Kelleher,Caoimhín,Kelleher,5,GKP,4.5,2025-08-05 11:41:48.981601
102,Balcombe,Ellery,Balcombe,5,GKP,4.0,2025-08-05 11:41:48.981601
103,Cox,Matthew,Cox,5,GKP,4.0,2025-08-05 11:41:48.981601
104,Eyestone,Julian,Eyestone,5,GKP,4.0,2025-08-05 11:41:48.981601
105,Valdimarsson,Hákon Rafn,Valdimarsson,5,GKP,4.0,2025-08-05 11:41:48.981601
106,Collins,Nathan,Collins,5,DEF,5.0,2025-08-05 11:41:48.981601
107,Lewis-Potter,Keane,Lewis-Potter,5,DEF,5.0,2025-08-05 11:41:48.981601
108,Ajer,Kristoffer,Ajer,5,DEF,4.5,2025-08-05 11:41:48.981601
109,Henry,Rico,Henry,5,DEF,4.5,2025-08-05 11:41:48.981601
110,Kayode,Michael,Kayode,5,DEF,4.5,2025-08-05 11:41:48.981601
111,Pinnock,Ethan,Pinnock,5,DEF,4.5,2025-08-05 11:41:48.981601
112,Roerslev,Mads,Roerslev Rasmussen,5,DEF,4.5,2025-08-05 11:41:48.981601
113,Van den Berg,Sepp,van den Berg,5,DEF,4.5,2025-08-05 11:41:48.981601
114,Arthur,Benjamin,Arthur,5,DEF,4.0,2025-08-05 11:41:48.981601
115,Fredrick,Benjamin,Fredrick,5,DEF,4.0,2025-08-05 11:41:48.981601
116,Hickey,Aaron,Hickey,5,DEF,4.0,2025-08-05 11:41:48.981601
117,Ji-soo,Kim,Ji-soo,5,DEF,4.0,2025-08-05 11:41:48.981601
118,Meghoma,Jayden,Meghoma,5,DEF,4.0,2025-08-05 11:41:48.981601
120,Schade,Kevin,Schade,5,MID,7.0,2025-08-05 11:41:48.981601
121,Damsgaard,Mikkel,Damsgaard,5,MID,6.0,2025-08-05 11:41:48.981601
122,Milambo,Antoni,Milambo,5,MID,5.5,2025-08-05 11:41:48.981601
123,Carvalho,Fábio,Freitas Gouveia Carvalho,5,MID,5.0,2025-08-05 11:41:48.981601
124,Henderson,Jordan,Henderson,5,MID,5.0,2025-08-05 11:41:48.981601
125,Janelt,Vitaly,Janelt,5,MID,5.0,2025-08-05 11:41:48.981601
126,Jensen,Mathias,Jensen,5,MID,5.0,2025-08-05 11:41:48.981601
127,Nunes,Gustavo,Nunes Fernandes Gomes,5,MID,5.0,2025-08-05 11:41:48.981601
128,Onyeka,Frank,Onyeka,5,MID,5.0,2025-08-05 11:41:48.981601
129,Yarmoliuk,Yehor,Yarmoliuk,5,MID,5.0,2025-08-05 11:41:48.981601
130,Donovan,Romelle,Donovan,5,MID,4.5,2025-08-05 11:41:48.981601
131,Konak,Yunus Emre,Konak,5,MID,4.5,2025-08-05 11:41:48.981601
132,Maghoma,Paris,Maghoma,5,MID,4.5,2025-08-05 11:41:48.981601
133,Peart-Harris,Myles,Peart-Harris,5,MID,4.5,2025-08-05 11:41:48.981601
134,Trevitt,Ryan,Trevitt,5,MID,4.5,2025-08-05 11:41:48.981601
135,Wissa,Yoane,Wissa,5,FWD,7.5,2025-08-05 11:41:48.981601
136,Thiago,Igor Thiago,Nascimento Rodrigues,5,FWD,6.0,2025-08-05 11:41:48.981601
137,Morgan,Iwan,Morgan,5,FWD,4.5,2025-08-05 11:41:48.981601
138,Steele,Jason,Steele,6,GKP,4.5,2025-08-05 11:41:48.981601
139,Verbruggen,Bart,Verbruggen,6,GKP,4.5,2025-08-05 11:41:48.981601
140,McGill,Tom,McGill,6,GKP,4.0,2025-08-05 11:41:48.981601
141,Rushworth,Carl,Rushworth,6,GKP,4.0,2025-08-05 11:41:48.981601
142,Scherpen,Kjell,Scherpen,6,GKP,4.0,2025-08-05 11:41:48.981601
143,Boscagli,Olivier,Boscagli,6,DEF,4.5,2025-08-05 11:41:48.981601
144,Coppola,Diego,Coppola,6,DEF,4.5,2025-08-05 11:41:48.981601
145,De Cuyper,Maxim,De Cuyper,6,DEF,4.5,2025-08-05 11:41:48.981601
146,Dunk,Lewis,Dunk,6,DEF,4.5,2025-08-05 11:41:48.981601
147,Estupiñan,Pervis,Estupiñán Tenorio,6,DEF,4.5,2025-08-05 11:41:48.981601
148,F.Kadıoğlu,Ferdi,Kadıoğlu,6,DEF,4.5,2025-08-05 11:41:48.981601
149,Igor,Igor Julio,dos Santos de Paulo,6,DEF,4.5,2025-08-05 11:41:48.981601
150,Lamptey,Tariq,Lamptey,6,DEF,4.5,2025-08-05 11:41:48.981601
151,Van Hecke,Jan Paul,van Hecke,6,DEF,4.5,2025-08-05 11:41:48.981601
152,Veltman,Joël,Veltman,6,DEF,4.5,2025-08-05 11:41:48.981601
153,Webster,Adam,Webster,6,DEF,4.5,2025-08-05 11:41:48.981601
154,Cashin,Eiran,Cashin,6,DEF,4.0,2025-08-05 11:41:48.981601
155,Slater,Jacob,Slater,6,DEF,4.0,2025-08-05 11:41:48.981601
156,Tasker,Charlie,Tasker,6,DEF,4.0,2025-08-05 11:41:48.981601
157,Mitoma,Mitoma,Kaoru,6,MID,6.5,2025-08-05 11:41:48.981601
158,Georginio,Georginio,Rutter,6,MID,6.0,2025-08-05 11:41:48.981601
159,March,Solly,March,6,MID,6.0,2025-08-05 11:41:48.981601
160,Minteh,Yankuba,Minteh,6,MID,6.0,2025-08-05 11:41:48.981601
161,Enciso,Julio,Enciso Espínola,6,MID,5.5,2025-08-05 11:41:48.981601
162,Gruda,Brajan,Gruda,6,MID,5.5,2025-08-05 11:41:48.981601
163,Hinshelwood,Jack,Hinshelwood,6,MID,5.5,2025-08-05 11:41:48.981601
164,O'Riley,Matt,O'Riley,6,MID,5.5,2025-08-05 11:41:48.981601
165,Sima,Abdallah,Sima,6,MID,5.5,2025-08-05 11:41:48.981601
166,Ayari,Yasin,Ayari,6,MID,5.0,2025-08-05 11:41:48.981601
167,Baleba,Carlos,Baleba,6,MID,5.0,2025-08-05 11:41:48.981601
168,Buonanotte,Facundo,Buonanotte,6,MID,5.0,2025-08-05 11:41:48.981601
169,Gomez,Diego,Gómez Amarilla,6,MID,5.0,2025-08-05 11:41:48.981601
170,Milner,James,Milner,6,MID,5.0,2025-08-05 11:41:48.981601
171,Sarmiento,Jeremy,Sarmiento Morante,6,MID,5.0,2025-08-05 11:41:48.981601
172,Watson,Tom,Watson,6,MID,5.0,2025-08-05 11:41:48.981601
173,Wieffer,Mats,Wieffer,6,MID,5.0,2025-08-05 11:41:48.981601
174,Yalcouye,Malick,Yalcouyé,6,MID,5.0,2025-08-05 11:41:48.981601
175,Knight,Joe,Knight,6,MID,4.5,2025-08-05 11:41:48.981601
176,Mazilu,Adrian,Mazilu,6,MID,4.5,2025-08-05 11:41:48.981601
177,Moran,Andrew,Moran,6,MID,4.5,2025-08-05 11:41:48.981601
178,Welbeck,Danny,Welbeck,6,FWD,6.5,2025-08-05 11:41:48.981601
179,Ferguson,Evan,Ferguson,6,FWD,5.5,2025-08-05 11:41:48.981601
180,Tzimas,Stefanos,Tzimas,6,FWD,5.5,2025-08-05 11:41:48.981601
181,Kostoulas,Charalampos,Kostoulas,6,FWD,5.0,2025-08-05 11:41:48.981601
220,Sánchez,Robert,Lynch Sánchez,7,GKP,5.0,2025-08-05 11:41:48.981601
221,Jörgensen,Filip,Jörgensen,7,GKP,4.5,2025-08-05 11:41:48.981601
222,Penders,Mike,Penders,7,GKP,4.0,2025-08-05 11:41:48.981601
223,Slonina,Gabriel,Słonina,7,GKP,4.0,2025-08-05 11:41:48.981601
224,Cucurella,Marc,Cucurella Saseta,7,DEF,6.0,2025-08-05 11:41:48.981601
225,James,Reece,James,7,DEF,5.5,2025-08-05 11:41:48.981601
226,Chalobah,Trevoh,Chalobah,7,DEF,5.0,2025-08-05 11:41:48.981601
227,Colwill,Levi,Samuels Colwill,7,DEF,5.0,2025-08-05 11:41:48.981601
228,Gusto,Malo,Gusto,7,DEF,5.0,2025-08-05 11:41:48.981601
229,B.Badiashile,Benoît,Badiashile Mukinayi,7,DEF,4.5,2025-08-05 11:41:48.981601
230,Fofana,Wesley,Fofana,7,DEF,4.5,2025-08-05 11:41:48.981601
231,M.Sarr,Mamadou,Sarr,7,DEF,4.5,2025-08-05 11:41:48.981601
232,Tosin,Tosin,Adarabioyo,7,DEF,4.5,2025-08-05 11:41:48.981601
233,Acheampong,Josh,Acheampong,7,DEF,4.0,2025-08-05 11:41:48.981601
234,Anselmino,Aarón,Anselmino,7,DEF,4.0,2025-08-05 11:41:48.981601
235,Palmer,Cole,Palmer,7,MID,10.5,2025-08-05 11:41:48.981601
236,Neto,Pedro,Lomba Neto,7,MID,7.0,2025-08-05 11:41:48.981601
237,Enzo,Enzo,Fernández,7,MID,6.5,2025-08-05 11:41:48.981601
238,Estêvão,Estêvão,Almeida de Oliveira Gonçalves,7,MID,6.5,2025-08-05 11:41:48.981601
239,Gittens,Jamie,Bynoe-Gittens,7,MID,6.5,2025-08-05 11:41:48.981601
240,Nkunku,Christopher,Nkunku,7,MID,6.0,2025-08-05 11:41:48.981601
241,Caicedo,Moisés,Caicedo Corozo,7,MID,5.5,2025-08-05 11:41:48.981601
242,Dewsbury-Hall,Kiernan,Dewsbury-Hall,7,MID,5.0,2025-08-05 11:41:48.981601
243,George,Tyrique,George,7,MID,5.0,2025-08-05 11:41:48.981601
244,Lavia,Roméo,Lavia,7,MID,5.0,2025-08-05 11:41:48.981601
245,Mudryk,Mykhailo,Mudryk,7,MID,5.0,2025-08-05 11:41:48.981601
246,Andrey Santos,Andrey,Nascimento dos Santos,7,MID,4.5,2025-08-05 11:41:48.981601
247,D.Essugo,Dário,Luís Essugo,7,MID,4.5,2025-08-05 11:41:48.981601
248,Paez,Kendry,Páez Andrade,7,MID,4.5,2025-08-05 11:41:48.981601
249,João Pedro,João Pedro,Junqueira de Jesus,7,FWD,7.5,2025-08-05 11:41:48.981601
250,Delap,Liam,Delap,7,FWD,6.5,2025-08-05 11:41:48.981601
251,N.Jackson,Nicolas,Jackson,7,FWD,6.5,2025-08-05 11:41:48.981601
252,Marc Guiu,Marc,Guiu Paz,7,FWD,4.5,2025-08-05 11:41:48.981601
672,Hato,Jorrel,Hato,7,DEF,5.0,2025-08-05 11:41:48.981601
253,Henderson,Dean,Henderson,8,GKP,5.0,2025-08-05 11:41:48.981601
254,Benitez,Walter,Benítez,8,GKP,4.0,2025-08-05 11:41:48.981601
255,Matthews,Remi,Matthews,8,GKP,4.0,2025-08-05 11:41:48.981601
256,Muñoz,Daniel,Muñoz Mejía,8,DEF,5.5,2025-08-05 11:41:48.981601
257,Lacroix,Maxence,Lacroix,8,DEF,5.0,2025-08-05 11:41:48.981601
258,Mitchell,Tyrick,Mitchell,8,DEF,5.0,2025-08-05 11:41:48.981601
259,Sosa,Borna,Sosa,8,DEF,5.0,2025-08-05 11:41:48.981601
260,Guéhi,Marc,Guéhi,8,DEF,4.5,2025-08-05 11:41:48.981601
261,Richards,Chris,Richards,8,DEF,4.5,2025-08-05 11:41:48.981601
262,Chadi Riad,Chadi,Riad Dnanou,8,DEF,4.0,2025-08-05 11:41:48.981601
263,Clyne,Nathaniel,Clyne,8,DEF,4.0,2025-08-05 11:41:48.981601
264,Holding,Rob,Holding,8,DEF,4.0,2025-08-05 11:41:48.981601
265,Kporha,Caleb,Kporha,8,DEF,4.0,2025-08-05 11:41:48.981601
266,Eze,Eberechi,Eze,8,MID,7.5,2025-08-05 11:41:48.981601
267,Sarr,Ismaïla,Sarr,8,MID,6.5,2025-08-05 11:41:48.981601
268,Doucouré,Cheick,Doucouré,8,MID,5.0,2025-08-05 11:41:48.981601
269,Esse,Romain,Esse,8,MID,5.0,2025-08-05 11:41:48.981601
270,Hughes,Will,Hughes,8,MID,5.0,2025-08-05 11:41:48.981601
271,Kamada,Daichi,Kamada,8,MID,5.0,2025-08-05 11:41:48.981601
272,Lerma,Jefferson,Lerma Solís,8,MID,5.0,2025-08-05 11:41:48.981601
273,Wharton,Adam,Wharton,8,MID,5.0,2025-08-05 11:41:48.981601
274,Agbinone,Asher,Agbinone,8,MID,4.5,2025-08-05 11:41:48.981601
275,Ahamada,Naouirou,Ahamada,8,MID,4.5,2025-08-05 11:41:48.981601
276,Devenny,Justin,Devenny,8,MID,4.5,2025-08-05 11:41:48.981601
277,Ebiowei,Malcolm,Ebiowei,8,MID,4.5,2025-08-05 11:41:48.981601
278,J.Rak-Sakyi,Jesurun,Rak-Sakyi,8,MID,4.5,2025-08-05 11:41:48.981601
279,M.França,Matheus,França de Oliveira,8,MID,4.5,2025-08-05 11:41:48.981601
280,Ozoh,David,Ozoh,8,MID,4.5,2025-08-05 11:41:48.981601
281,Rodney,Kaden,Rodney,8,MID,4.5,2025-08-05 11:41:48.981601
282,Umeh,Franco,Umeh-Chibueze,8,MID,4.5,2025-08-05 11:41:48.981601
283,Mateta,Jean-Philippe,Mateta,8,FWD,7.5,2025-08-05 11:41:48.981601
284,Nketiah,Eddie,Nketiah,8,FWD,5.5,2025-08-05 11:41:48.981601
285,Édouard,Odsonne,Édouard,8,FWD,5.0,2025-08-05 11:41:48.981601
286,Marsh,Zach,Marsh,8,FWD,4.5,2025-08-05 11:41:48.981601
287,Pickford,Jordan,Pickford,9,GKP,5.5,2025-08-05 11:41:48.981601
288,Travers,Mark,Travers,9,GKP,4.5,2025-08-05 11:41:48.981601
289,Tyrer,Harry,Tyrer,9,GKP,4.0,2025-08-05 11:41:48.981601
290,Branthwaite,Jarrad,Branthwaite,9,DEF,5.5,2025-08-05 11:41:48.981601
291,Tarkowski,James,Tarkowski,9,DEF,5.5,2025-08-05 11:41:48.981601
292,Mykolenko,Vitalii,Mykolenko,9,DEF,5.0,2025-08-05 11:41:48.981601
293,O'Brien,Jake,O'Brien,9,DEF,5.0,2025-08-05 11:41:48.981601
294,Coleman,Séamus,Coleman,9,DEF,4.5,2025-08-05 11:41:48.981601
295,Keane,Michael,Keane,9,DEF,4.5,2025-08-05 11:41:48.981601
296,Patterson,Nathan,Patterson,9,DEF,4.5,2025-08-05 11:41:48.981601
297,Dixon,Roman,Dixon,9,DEF,4.0,2025-08-05 11:41:48.981601
298,Welch,Reece,Welch,9,DEF,4.0,2025-08-05 11:41:48.981601
299,Ndiaye,Iliman,Ndiaye,9,MID,6.5,2025-08-05 11:41:48.981601
300,McNeil,Dwight,McNeil,9,MID,6.0,2025-08-05 11:41:48.981601
301,Alcaraz,Carlos,Alcaraz Durán,9,MID,5.5,2025-08-05 11:41:48.981601
302,Gana,Idrissa Gana,Gueye,9,MID,5.5,2025-08-05 11:41:48.981601
303,Garner,James,Garner,9,MID,5.0,2025-08-05 11:41:48.981601
304,Iroegbunam,Tim,Iroegbunam,9,MID,5.0,2025-08-05 11:41:48.981601
305,Armstrong,Harrison,Armstrong,9,MID,4.5,2025-08-05 11:41:48.981601
306,Bates,Callum,Bates,9,MID,4.5,2025-08-05 11:41:48.981601
307,Ebere,Coby,Ebere,9,MID,4.5,2025-08-05 11:41:48.981601
308,Heath,Isaac,Heath,9,MID,4.5,2025-08-05 11:41:48.981601
309,Metcalfe,Jenson,Metcalfe,9,MID,4.5,2025-08-05 11:41:48.981601
310,Barry,Thierno,Barry,9,FWD,6.0,2025-08-05 11:41:48.981601
311,Beto,Norberto Bercique,Gomes Betuncal,9,FWD,5.5,2025-08-05 11:41:48.981601
312,Y.Chermiti,Youssef,Ramalho Chermiti,9,FWD,5.0,2025-08-05 11:41:48.981601
313,Sherif,Martin,Sherif,9,FWD,4.5,2025-08-05 11:41:48.981601
667,Aznou,Adam,Aznou,9,DEF,4.5,2025-08-05 11:41:48.981601
314,Leno,Bernd,Leno,10,GKP,5.0,2025-08-05 11:41:48.981601
315,Benda,Steven,Benda,10,GKP,4.0,2025-08-05 11:41:48.981601
316,Robinson,Antonee,Robinson,10,DEF,5.0,2025-08-05 11:41:48.981601
317,Andersen,Joachim,Andersen,10,DEF,4.5,2025-08-05 11:41:48.981601
318,Bassey,Calvin,Bassey,10,DEF,4.5,2025-08-05 11:41:48.981601
319,Castagne,Timothy,Castagne,10,DEF,4.5,2025-08-05 11:41:48.981601
320,Diop,Issa,Diop,10,DEF,4.5,2025-08-05 11:41:48.981601
321,J.Cuenca,Jorge,Cuenca Barreno,10,DEF,4.5,2025-08-05 11:41:48.981601
322,Tete,Kenny,Tete,10,DEF,4.5,2025-08-05 11:41:48.981601
323,Amissah,Samuel,Amissah,10,DEF,4.0,2025-08-05 11:41:48.981601
324,Iwobi,Alex,Iwobi,10,MID,6.5,2025-08-05 11:41:48.981601
325,Smith Rowe,Emile,Smith Rowe,10,MID,6.0,2025-08-05 11:41:48.981601
326,Adama,Adama,Traoré Diarra,10,MID,5.5,2025-08-05 11:41:48.981601
327,Andreas,Andreas,Hoelgebaum Pereira,10,MID,5.5,2025-08-05 11:41:48.981601
328,Sessegnon,Ryan,Sessegnon,10,MID,5.5,2025-08-05 11:41:48.981601
329,Wilson,Harry,Wilson,10,MID,5.5,2025-08-05 11:41:48.981601
330,Berge,Sander,Berge,10,MID,5.0,2025-08-05 11:41:48.981601
331,Cairney,Tom,Cairney,10,MID,5.0,2025-08-05 11:41:48.981601
332,Lukić,Saša,Lukić,10,MID,5.0,2025-08-05 11:41:48.981601
333,Godo,Martial,Godo,10,MID,4.5,2025-08-05 11:41:48.981601
334,Harris,Luke,Harris,10,MID,4.5,2025-08-05 11:41:48.981601
335,King,Josh,King,10,MID,4.5,2025-08-05 11:41:48.981601
336,Reed,Harrison,Reed,10,MID,4.5,2025-08-05 11:41:48.981601
337,Raúl,Raúl,Jiménez Rodríguez,10,FWD,6.5,2025-08-05 11:41:48.981601
338,Muniz,Rodrigo,Muniz Carvalho,10,FWD,5.5,2025-08-05 11:41:48.981601
664,Lecomte,Benjamin,Lecomte,10,GKP,4.0,2025-08-05 11:41:48.981601
339,Meslier,Illan,Meslier,11,GKP,4.5,2025-08-05 11:41:48.981601
340,Cairns,Alex,Cairns,11,GKP,4.0,2025-08-05 11:41:48.981601
341,Darlow,Karl,Darlow,11,GKP,4.0,2025-08-05 11:41:48.981601
342,Bogle,Jayden,Bogle,11,DEF,4.5,2025-08-05 11:41:48.981601
343,Struijk,Pascal,Struijk,11,DEF,4.5,2025-08-05 11:41:48.981601
344,Bijol,Jaka,Bijol,11,DEF,4.0,2025-08-05 11:41:48.981601
345,Bornauw,Sebastiaan,Bornauw,11,DEF,4.0,2025-08-05 11:41:48.981601
346,Byram,Sam,Byram,11,DEF,4.0,2025-08-05 11:41:48.981601
347,Gudmundsson,Gabriel,Gudmundsson,11,DEF,4.0,2025-08-05 11:41:48.981601
348,Rodon,Joe,Rodon,11,DEF,4.0,2025-08-05 11:41:48.981601
349,Schmidt,Isaac,Schmidt,11,DEF,4.0,2025-08-05 11:41:48.981601
350,Aaronson,Brenden,Aaronson,11,MID,5.5,2025-08-05 11:41:48.981601
351,Gnonto,Wilfried,Gnonto,11,MID,5.5,2025-08-05 11:41:48.981601
352,Harrison,Jack,Harrison,11,MID,5.5,2025-08-05 11:41:48.981601
353,James,Daniel,James,11,MID,5.5,2025-08-05 11:41:48.981601
354,Ampadu,Ethan,Ampadu,11,MID,5.0,2025-08-05 11:41:48.981601
355,Greenwood,Sam,Greenwood,11,MID,5.0,2025-08-05 11:41:48.981601
356,Gruev,Ilia,Gruev,11,MID,5.0,2025-08-05 11:41:48.981601
357,Ramazani,Largie,Ramazani,11,MID,5.0,2025-08-05 11:41:48.981601
358,Tanaka,Tanaka,Ao,11,MID,5.0,2025-08-05 11:41:48.981601
359,Crew,Charlie,Crew,11,MID,4.5,2025-08-05 11:41:48.981601
360,Gelhardt,Joe,Gelhardt,11,MID,4.5,2025-08-05 11:41:48.981601
361,Gyabi,Darko,Gyabi,11,MID,4.5,2025-08-05 11:41:48.981601
362,Piroe,Joël,Piroe,11,FWD,5.5,2025-08-05 11:41:48.981601
363,Bamford,Patrick,Bamford,11,FWD,5.0,2025-08-05 11:41:48.981601
364,Mateo Joseph,Mateo,Joseph Fernández-Regatillo,11,FWD,5.0,2025-08-05 11:41:48.981601
365,Nmecha,Lukas,Nmecha,11,FWD,5.0,2025-08-05 11:41:48.981601
493,Longstaff,Sean,Longstaff,11,MID,5.0,2025-08-05 11:41:48.981601
660,Stach,Anton,Stach,11,MID,5.0,2025-08-05 11:41:48.981601
665,Perri,Lucas Estella,Perri,11,GKP,4.5,2025-08-05 11:41:48.981601
366,A.Becker,Alisson,Becker,12,GKP,5.5,2025-08-05 11:41:48.981601
367,Mamardashvili,Giorgi,Mamardashvili,12,GKP,4.5,2025-08-05 11:41:48.981601
368,Pécsi,Ármin,Pécsi,12,GKP,4.0,2025-08-05 11:41:48.981601
369,Woodman,Freddie,Woodman,12,GKP,4.0,2025-08-05 11:41:48.981601
370,Frimpong,Jeremie,Frimpong,12,DEF,6.0,2025-08-05 11:41:48.981601
371,Kerkez,Milos,Kerkez,12,DEF,6.0,2025-08-05 11:41:48.981601
372,Robertson,Andrew,Robertson,12,DEF,6.0,2025-08-05 11:41:48.981601
373,Virgil,Virgil,van Dijk,12,DEF,6.0,2025-08-05 11:41:48.981601
374,Konaté,Ibrahima,Konaté,12,DEF,5.5,2025-08-05 11:41:48.981601
375,Bradley,Conor,Bradley,12,DEF,5.0,2025-08-05 11:41:48.981601
376,Gomez,Joe,Gomez,12,DEF,5.0,2025-08-05 11:41:48.981601
377,Tsimikas,Konstantinos,Tsimikas,12,DEF,5.0,2025-08-05 11:41:48.981601
378,Nallo,Amara,Nallo,12,DEF,4.0,2025-08-05 11:41:48.981601
379,R.Williams,Rhys,Williams,12,DEF,4.0,2025-08-05 11:41:48.981601
380,Ramsay,Calvin,Ramsay,12,DEF,4.0,2025-08-05 11:41:48.981601
381,M.Salah,Mohamed,Salah,12,MID,14.5,2025-08-05 11:41:48.981601
382,Wirtz,Florian,Wirtz,12,MID,8.5,2025-08-05 11:41:48.981601
383,Luis Díaz,Luis,Díaz Marulanda,12,MID,8.0,2025-08-05 11:41:48.981601
384,Gakpo,Cody,Gakpo,12,MID,7.5,2025-08-05 11:41:48.981601
385,Chiesa,Federico,Chiesa,12,MID,6.5,2025-08-05 11:41:48.981601
386,Mac Allister,Alexis,Mac Allister,12,MID,6.5,2025-08-05 11:41:48.981601
387,Szoboszlai,Dominik,Szoboszlai,12,MID,6.5,2025-08-05 11:41:48.981601
388,C.Jones,Curtis,Jones,12,MID,5.5,2025-08-05 11:41:48.981601
389,Elliott,Harvey,Elliott,12,MID,5.5,2025-08-05 11:41:48.981601
390,Gravenberch,Ryan,Gravenberch,12,MID,5.5,2025-08-05 11:41:48.981601
391,Doak,Ben,Doak,12,MID,5.0,2025-08-05 11:41:48.981601
392,Endo,Endo,Wataru,12,MID,5.0,2025-08-05 11:41:48.981601
393,Bajcetic,Stefan,Bajčetić Maquieira,12,MID,4.5,2025-08-05 11:41:48.981601
394,McConnell,James,McConnell,12,MID,4.5,2025-08-05 11:41:48.981601
395,Morton,Tyler,Morton,12,MID,4.5,2025-08-05 11:41:48.981601
396,Nyoni,Trey,Nyoni,12,MID,4.5,2025-08-05 11:41:48.981601
397,Darwin,Darwin,Núñez Ribeiro,12,FWD,6.5,2025-08-05 11:41:48.981601
398,Danns,Jayden,Danns,12,FWD,4.5,2025-08-05 11:41:48.981601
661,Ekitiké,Hugo,Ekitiké,12,FWD,8.5,2025-08-05 11:41:48.981601
182,Trafford,James,Trafford,13,GKP,5.0,2025-08-05 11:41:48.981601
399,Ederson M.,Ederson,Santana de Moraes,13,GKP,5.5,2025-08-05 11:41:48.981601
400,Ortega Moreno,Stefan,Ortega Moreno,13,GKP,5.0,2025-08-05 11:41:48.981601
401,Bettinelli,Marcus,Bettinelli,13,GKP,4.0,2025-08-05 11:41:48.981601
402,Aït-Nouri,Rayan,Aït-Nouri,13,DEF,6.0,2025-08-05 11:41:48.981601
403,Gvardiol,Joško,Gvardiol,13,DEF,6.0,2025-08-05 11:41:48.981601
404,Akanji,Manuel,Akanji,13,DEF,5.5,2025-08-05 11:41:48.981601
405,Aké,Nathan,Aké,13,DEF,5.5,2025-08-05 11:41:48.981601
406,Khusanov,Abdukodir,Khusanov,13,DEF,5.5,2025-08-05 11:41:48.981601
407,Matheus N.,Matheus,Nunes,13,DEF,5.5,2025-08-05 11:41:48.981601
408,Rúben,Rúben,dos Santos Gato Alves Dias,13,DEF,5.5,2025-08-05 11:41:48.981601
409,Stones,John,Stones,13,DEF,5.5,2025-08-05 11:41:48.981601
410,Lewis,Rico,Lewis,13,DEF,5.0,2025-08-05 11:41:48.981601
411,O’Reilly,Nico,O'Reilly,13,DEF,5.0,2025-08-05 11:41:48.981601
412,Vitor Reis,Vitor,de Oliveira Nunes dos Reis,13,DEF,5.0,2025-08-05 11:41:48.981601
413,Marmoush,Omar,Marmoush,13,MID,8.5,2025-08-05 11:41:48.981601
414,Foden,Phil,Foden,13,MID,8.0,2025-08-05 11:41:48.981601
415,Savinho,Sávio,Moreira de Oliveira,13,MID,7.0,2025-08-05 11:41:48.981601
416,Bernardo,Bernardo,Mota Veiga de Carvalho e Silva,13,MID,6.5,2025-08-05 11:41:48.981601
417,Cherki,Rayan,Cherki,13,MID,6.5,2025-08-05 11:41:48.981601
418,Doku,Jérémy,Doku,13,MID,6.5,2025-08-05 11:41:48.981601
419,Grealish,Jack,Grealish,13,MID,6.5,2025-08-05 11:41:48.981601
420,Gündoğan,İlkay,Gündoğan,13,MID,6.5,2025-08-05 11:41:48.981601
421,Rodrigo,Rodrigo 'Rodri',Hernandez Cascante,13,MID,6.5,2025-08-05 11:41:48.981601
422,Kovačić,Mateo,Kovačić,13,MID,6.0,2025-08-05 11:41:48.981601
423,N.Gonzalez,Nico,González Iglesias,13,MID,6.0,2025-08-05 11:41:48.981601
424,Bobb,Oscar,Bobb,13,MID,5.5,2025-08-05 11:41:48.981601
425,Echeverri,Claudio,Echeverri,13,MID,5.5,2025-08-05 11:41:48.981601
426,McAtee,James,McAtee,13,MID,5.5,2025-08-05 11:41:48.981601
427,Reijnders,Tijjani,Reijnders,13,MID,5.5,2025-08-05 11:41:48.981601
428,Nypan,Sverre,Nypan,13,MID,5.0,2025-08-05 11:41:48.981601
429,Phillips,Kalvin,Phillips,13,MID,5.0,2025-08-05 11:41:48.981601
430,Haaland,Erling,Haaland,13,FWD,14.0,2025-08-05 11:41:48.981601
119,Mbeumo,Bryan,Mbeumo,14,MID,8.0,2025-08-05 11:41:48.981601
431,Bayindir,Altay,Bayındır,14,GKP,5.0,2025-08-05 11:41:48.981601
432,Onana,André,Onana,14,GKP,5.0,2025-08-05 11:41:48.981601
433,Harrison,Elyh,Harrison,14,GKP,4.0,2025-08-05 11:41:48.981601
434,Heaton,Tom,Heaton,14,GKP,4.0,2025-08-05 11:41:48.981601
435,Mee,Dermot,Mee,14,GKP,4.0,2025-08-05 11:41:48.981601
436,De Ligt,Matthijs,de Ligt,14,DEF,5.0,2025-08-05 11:41:48.981601
437,Martinez,Lisandro,Martínez,14,DEF,5.0,2025-08-05 11:41:48.981601
438,Mazraoui,Noussair,Mazraoui,14,DEF,5.0,2025-08-05 11:41:48.981601
439,D.Leon,Diego,León Blanco,14,DEF,4.5,2025-08-05 11:41:48.981601
440,Dalot,Diogo,Dalot Teixeira,14,DEF,4.5,2025-08-05 11:41:48.981601
441,Dorgu,Patrick,Dorgu,14,DEF,4.5,2025-08-05 11:41:48.981601
442,Maguire,Harry,Maguire,14,DEF,4.5,2025-08-05 11:41:48.981601
443,Shaw,Luke,Shaw,14,DEF,4.5,2025-08-05 11:41:48.981601
444,Yoro,Leny,Yoro,14,DEF,4.5,2025-08-05 11:41:48.981601
445,Amass,Harry,Amass,14,DEF,4.0,2025-08-05 11:41:48.981601
446,Fredricson,Tyler,Fredricson,14,DEF,4.0,2025-08-05 11:41:48.981601
447,Heaven,Ayden,Heaven,14,DEF,4.0,2025-08-05 11:41:48.981601
448,Malacia,Tyrell,Malacia,14,DEF,4.0,2025-08-05 11:41:48.981601
449,B.Fernandes,Bruno,Borges Fernandes,14,MID,9.0,2025-08-05 11:41:48.981601
450,Cunha,Matheus,Santos Carneiro da Cunha,14,MID,8.0,2025-08-05 11:41:48.981601
451,Rashford,Marcus,Rashford,14,MID,7.0,2025-08-05 11:41:48.981601
452,Amad,Amad,Diallo,14,MID,6.5,2025-08-05 11:41:48.981601
453,Garnacho,Alejandro,Garnacho Ferreyra,14,MID,6.5,2025-08-05 11:41:48.981601
454,Antony,Antony,dos Santos,14,MID,6.0,2025-08-05 11:41:48.981601
455,Mount,Mason,Mount,14,MID,6.0,2025-08-05 11:41:48.981601
456,Sancho,Jadon,Sancho,14,MID,6.0,2025-08-05 11:41:48.981601
457,Casemiro,Carlos Henrique,Casimiro,14,MID,5.5,2025-08-05 11:41:48.981601
458,Mainoo,Kobbie,Mainoo,14,MID,5.0,2025-08-05 11:41:48.981601
459,Ugarte,Manuel,Ugarte Ribeiro,14,MID,5.0,2025-08-05 11:41:48.981601
460,Collyer,Toby,Collyer,14,MID,4.5,2025-08-05 11:41:48.981601
461,Fitzgerald,Jayce,Fitzgerald,14,MID,4.5,2025-08-05 11:41:48.981601
462,J.Fletcher,Jack,Fletcher,14,MID,4.5,2025-08-05 11:41:48.981601
463,Kone,Sékou,Koné,14,MID,4.5,2025-08-05 11:41:48.981601
464,Moorhouse,Jack,Moorhouse,14,MID,4.5,2025-08-05 11:41:48.981601
465,Højlund,Rasmus,Højlund,14,FWD,6.5,2025-08-05 11:41:48.981601
466,Zirkzee,Joshua,Zirkzee,14,FWD,6.0,2025-08-05 11:41:48.981601
467,Obi,Chido,Obi,14,FWD,4.5,2025-08-05 11:41:48.981601
468,Wheatley,Ethan,Wheatley,14,FWD,4.5,2025-08-05 11:41:48.981601
469,Pope,Nick,Pope,15,GKP,5.0,2025-08-05 11:41:48.981601
470,Dúbravka,Martin,Dúbravka,15,GKP,4.0,2025-08-05 11:41:48.981601
471,Gillespie,Mark,Gillespie,15,GKP,4.0,2025-08-05 11:41:48.981601
472,Odysseas,Odysseas,Vlachodimos,15,GKP,4.0,2025-08-05 11:41:48.981601
473,Hall,Lewis,Hall,15,DEF,5.5,2025-08-05 11:41:48.981601
474,Schär,Fabian,Schär,15,DEF,5.5,2025-08-05 11:41:48.981601
475,Botman,Sven,Botman,15,DEF,5.0,2025-08-05 11:41:48.981601
476,Burn,Dan,Burn,15,DEF,5.0,2025-08-05 11:41:48.981601
477,Livramento,Tino,Livramento,15,DEF,5.0,2025-08-05 11:41:48.981601
478,Trippier,Kieran,Trippier,15,DEF,5.0,2025-08-05 11:41:48.981601
479,Krafth,Emil,Krafth,15,DEF,4.5,2025-08-05 11:41:48.981601
480,Lascelles,Jamaal,Lascelles,15,DEF,4.5,2025-08-05 11:41:48.981601
481,A.Murphy,Alex,Murphy,15,DEF,4.0,2025-08-05 11:41:48.981601
482,Ashby,Harrison,Ashby,15,DEF,4.0,2025-08-05 11:41:48.981601
483,Pivas,Miodrag,Pivaš,15,DEF,4.0,2025-08-05 11:41:48.981601
484,Targett,Matt,Targett,15,DEF,4.0,2025-08-05 11:41:48.981601
485,Gordon,Anthony,Gordon,15,MID,7.5,2025-08-05 11:41:48.981601
486,Elanga,Anthony,Elanga,15,MID,7.0,2025-08-05 11:41:48.981601
487,Barnes,Harvey,Barnes,15,MID,6.5,2025-08-05 11:41:48.981601
488,Bruno G.,Bruno,Guimarães Rodriguez Moura,15,MID,6.5,2025-08-05 11:41:48.981601
489,J.Murphy,Jacob,Murphy,15,MID,6.5,2025-08-05 11:41:48.981601
490,Joelinton,Joelinton Cássio,Apolinário de Lira,15,MID,6.0,2025-08-05 11:41:48.981601
491,Tonali,Sandro,Tonali,15,MID,5.5,2025-08-05 11:41:48.981601
492,Antoñito C.,Antoñito,Cordero Campillo,15,MID,5.0,2025-08-05 11:41:48.981601
494,Willock,Joe,Willock,15,MID,5.0,2025-08-05 11:41:48.981601
495,Hayden,Isaac,Hayden,15,MID,4.5,2025-08-05 11:41:48.981601
496,Kuol,Garang,Kuol,15,MID,4.5,2025-08-05 11:41:48.981601
497,L.Miley,Lewis,Miley,15,MID,4.5,2025-08-05 11:41:48.981601
498,White,Joe,White,15,MID,4.5,2025-08-05 11:41:48.981601
499,Isak,Alexander,Isak,15,FWD,10.5,2025-08-05 11:41:48.981601
500,Osula,William,Osula,15,FWD,5.5,2025-08-05 11:41:48.981601
501,Neave,Sean,Neave,15,FWD,4.5,2025-08-05 11:41:48.981601
502,Sels,Matz,Sels,16,GKP,5.0,2025-08-05 11:41:48.981601
503,C.Miguel,Carlos Miguel,dos Santos Pereira,16,GKP,4.0,2025-08-05 11:41:48.981601
504,Turner,Matt,Turner,16,GKP,4.0,2025-08-05 11:41:48.981601
505,Milenković,Nikola,Milenković,16,DEF,5.5,2025-08-05 11:41:48.981601
506,Murillo,Murillo,Costa dos Santos,16,DEF,5.5,2025-08-05 11:41:48.981601
507,Aina,Ola,Aina,16,DEF,5.0,2025-08-05 11:41:48.981601
508,N.Williams,Neco,Williams,16,DEF,5.0,2025-08-05 11:41:48.981601
509,David Carmo,David,Mota Veiga Teixeira do Carmo,16,DEF,4.5,2025-08-05 11:41:48.981601
510,Jair Cunha,Jair,Paula da Cunha Filho,16,DEF,4.5,2025-08-05 11:41:48.981601
511,Morato,Felipe,Rodrigues da Silva,16,DEF,4.5,2025-08-05 11:41:48.981601
512,O.Richards,Omar,Richards,16,DEF,4.5,2025-08-05 11:41:48.981601
513,Abbott,Zach,Abbott,16,DEF,4.0,2025-08-05 11:41:48.981601
514,Boly,Willy,Boly,16,DEF,4.0,2025-08-05 11:41:48.981601
515,Gibbs-White,Morgan,Gibbs-White,16,MID,7.5,2025-08-05 11:41:48.981601
516,Hudson-Odoi,Callum,Hudson-Odoi,16,MID,6.0,2025-08-05 11:41:48.981601
517,Anderson,Elliot,Anderson,16,MID,5.5,2025-08-05 11:41:48.981601
518,Jota,João Pedro,Ferreira da Silva,16,MID,5.5,2025-08-05 11:41:48.981601
519,Dominguez,Nicolás,Domínguez,16,MID,5.0,2025-08-05 11:41:48.981601
520,O'Brien,Lewis,O'Brien,16,MID,5.0,2025-08-05 11:41:48.981601
521,Sangaré,Ibrahim,Sangaré,16,MID,5.0,2025-08-05 11:41:48.981601
522,Yates,Ryan,Yates,16,MID,5.0,2025-08-05 11:41:48.981601
523,Da Silva Moreira,Eric,da Silva Moreira,16,MID,4.5,2025-08-05 11:41:48.981601
524,Stamenic,Marko,Stamenić,16,MID,4.5,2025-08-05 11:41:48.981601
525,Wood,Chris,Wood,16,FWD,7.5,2025-08-05 11:41:48.981601
526,Igor Jesus,Igor Jesus,Maciel da Cruz,16,FWD,6.0,2025-08-05 11:41:48.981601
527,Awoniyi,Taiwo,Awoniyi,16,FWD,5.5,2025-08-05 11:41:48.981601
669,Ndoye,Dan,Ndoye,16,MID,6.0,2025-08-05 11:41:48.981601
528,Patterson,Anthony,Patterson,17,GKP,4.5,2025-08-05 11:41:48.981601
529,Moore,Simon,Moore,17,GKP,4.0,2025-08-05 11:41:48.981601
530,Nna Noukeu,Blondy,Nna Noukeu,17,GKP,4.0,2025-08-05 11:41:48.981601
531,Ballard,Daniel,Ballard,17,DEF,4.5,2025-08-05 11:41:48.981601
532,Hume,Trai,Hume,17,DEF,4.5,2025-08-05 11:41:48.981601
533,Alese,Aji,Alese,17,DEF,4.0,2025-08-05 11:41:48.981601
534,Anderson,Joe,Anderson,17,DEF,4.0,2025-08-05 11:41:48.981601
535,Cirkin,Dennis,Cirkin,17,DEF,4.0,2025-08-05 11:41:48.981601
536,Hjelde,Leo Fuhr,Hjelde,17,DEF,4.0,2025-08-05 11:41:48.981601
537,Huggins,Niall,Huggins,17,DEF,4.0,2025-08-05 11:41:48.981601
538,Johnson,Zak,Johnson,17,DEF,4.0,2025-08-05 11:41:48.981601
539,O'Nien,Luke,O'Nien,17,DEF,4.0,2025-08-05 11:41:48.981601
540,Pembele,Timothée,Pembélé,17,DEF,4.0,2025-08-05 11:41:48.981601
541,Reinildo,Reinildo,Mandava,17,DEF,4.0,2025-08-05 11:41:48.981601
542,Seelt,Jenson,Seelt,17,DEF,4.0,2025-08-05 11:41:48.981601
543,Adingra,Simon,Adingra,17,MID,5.5,2025-08-05 11:41:48.981601
544,Diarra,Habib,Diarra,17,MID,5.5,2025-08-05 11:41:48.981601
545,Roberts,Patrick,Roberts,17,MID,5.5,2025-08-05 11:41:48.981601
546,Aleksić,Milan,Aleksić,17,MID,5.0,2025-08-05 11:41:48.981601
547,E.Le Fée,Enzo,Le Fée,17,MID,5.0,2025-08-05 11:41:48.981601
548,Mundle,Romaine,Mundle,17,MID,5.0,2025-08-05 11:41:48.981601
549,Neil,Dan,Neil,17,MID,5.0,2025-08-05 11:41:48.981601
550,Poveda,Ian,Poveda-Ocampo,17,MID,5.0,2025-08-05 11:41:48.981601
551,Rigg,Chris,Rigg,17,MID,5.0,2025-08-05 11:41:48.981601
552,Sadiki,Noah,Sadiki,17,MID,5.0,2025-08-05 11:41:48.981601
553,Talbi,Chemsdine,Talbi,17,MID,5.0,2025-08-05 11:41:48.981601
554,Ba,Abdoullah,Ba,17,MID,4.5,2025-08-05 11:41:48.981601
555,Browne,Alan,Browne,17,MID,4.5,2025-08-05 11:41:48.981601
556,Ekwah,Pierre,Ekwah Elimby,17,MID,4.5,2025-08-05 11:41:48.981601
557,H.Jones,Harrison,Jones,17,MID,4.5,2025-08-05 11:41:48.981601
558,Matete,Jay,Matete,17,MID,4.5,2025-08-05 11:41:48.981601
559,Triantis,Nectarios,Triantis,17,MID,4.5,2025-08-05 11:41:48.981601
560,Isidor,Wilson,Isidor,17,FWD,5.5,2025-08-05 11:41:48.981601
561,Mayenda,Eliezer,Mayenda Dossou,17,FWD,5.5,2025-08-05 11:41:48.981601
562,Abdullahi,Ahmed,Abdullahi,17,FWD,4.5,2025-08-05 11:41:48.981601
563,Luís Hemir,Luís Hemir,Silva Semedo,17,FWD,4.5,2025-08-05 11:41:48.981601
564,Rusyn,Nazarii,Rusyn,17,FWD,4.5,2025-08-05 11:41:48.981601
668,Xhaka,Granit,Xhaka,17,MID,5.0,2025-08-05 11:41:48.981601
670,Roefs,Robin,Roefs,17,GKP,4.5,2025-08-05 11:41:48.981601
565,Vicario,Guglielmo,Vicario,18,GKP,5.0,2025-08-05 11:41:48.981601
566,Austin,Brandon,Austin,18,GKP,4.0,2025-08-05 11:41:48.981601
567,Kinsky,Antonín,Kinský,18,GKP,4.0,2025-08-05 11:41:48.981601
568,Pedro Porro,Pedro,Porro Sauceda,18,DEF,5.5,2025-08-05 11:41:48.981601
569,Romero,Cristian,Romero,18,DEF,5.0,2025-08-05 11:41:48.981601
570,Danso,Kevin,Danso,18,DEF,4.5,2025-08-05 11:41:48.981601
571,Davies,Ben,Davies,18,DEF,4.5,2025-08-05 11:41:48.981601
572,Dragusin,Radu,Drăgușin,18,DEF,4.5,2025-08-05 11:41:48.981601
573,Spence,Djed,Spence,18,DEF,4.5,2025-08-05 11:41:48.981601
574,Udogie,Destiny,Udogie,18,DEF,4.5,2025-08-05 11:41:48.981601
575,Van de Ven,Micky,van de Ven,18,DEF,4.5,2025-08-05 11:41:48.981601
576,Phillips,Ashley,Phillips,18,DEF,4.0,2025-08-05 11:41:48.981601
577,Takai,Takai,Kōta,18,DEF,4.0,2025-08-05 11:41:48.981601
578,Vuskovic,Luka,Vušković,18,DEF,4.0,2025-08-05 11:41:48.981601
579,Son,Son,Heung-min,18,MID,8.5,2025-08-05 11:41:48.981601
580,Johnson,Brennan,Johnson,18,MID,7.0,2025-08-05 11:41:48.981601
581,Maddison,James,Maddison,18,MID,7.0,2025-08-05 11:41:48.981601
582,Kudus,Mohammed,Kudus,18,MID,6.5,2025-08-05 11:41:48.981601
583,Kulusevski,Dejan,Kulusevski,18,MID,6.5,2025-08-05 11:41:48.981601
584,Tel,Mathys,Tel,18,MID,6.5,2025-08-05 11:41:48.981601
585,Bentancur,Rodrigo,Bentancur,18,MID,5.5,2025-08-05 11:41:48.981601
586,Bergvall,Lucas,Bergvall,18,MID,5.5,2025-08-05 11:41:48.981601
587,Bissouma,Yves,Bissouma,18,MID,5.5,2025-08-05 11:41:48.981601
588,Odobert,Wilson,Odobert,18,MID,5.5,2025-08-05 11:41:48.981601
589,Solomon,Manor,Solomon,18,MID,5.5,2025-08-05 11:41:48.981601
590,Bryan,Bryan,Gil Salvatierra,18,MID,5.0,2025-08-05 11:41:48.981601
591,Gray,Archie,Gray,18,MID,5.0,2025-08-05 11:41:48.981601
592,Moore,Mikey,Moore,18,MID,5.0,2025-08-05 11:41:48.981601
593,P.M.Sarr,Pape Matar,Sarr,18,MID,5.0,2025-08-05 11:41:48.981601
594,Min-hyeok,Yang,Min-hyeok,18,MID,4.5,2025-08-05 11:41:48.981601
595,Olusesi,Callum,Olusesi,18,MID,4.5,2025-08-05 11:41:48.981601
596,Solanke,Dominic,Solanke-Mitchell,18,FWD,7.5,2025-08-05 11:41:48.981601
597,Richarlison,Richarlison,de Andrade,18,FWD,6.5,2025-08-05 11:41:48.981601
598,Lankshear,Will,Lankshear,18,FWD,4.5,2025-08-05 11:41:48.981601
599,Scarlett,Dane,Scarlett,18,FWD,4.5,2025-08-05 11:41:48.981601
600,Areola,Alphonse,Areola,19,GKP,4.5,2025-08-05 11:41:48.981601
601,Foderingham,Wes,Foderingham,19,GKP,4.0,2025-08-05 11:41:48.981601
602,Hegyi,Krisztián,Hegyi,19,GKP,4.0,2025-08-05 11:41:48.981601
603,Diouf,El Hadji Malick,Diouf,19,DEF,4.5,2025-08-05 11:41:48.981601
604,Emerson,Emerson,Palmieri dos Santos,19,DEF,4.5,2025-08-05 11:41:48.981601
605,Kilman,Maximilian,Kilman,19,DEF,4.5,2025-08-05 11:41:48.981601
606,Mavropanos,Konstantinos,Mavropanos,19,DEF,4.5,2025-08-05 11:41:48.981601
607,N.Aguerd,Nayef,Aguerd,19,DEF,4.5,2025-08-05 11:41:48.981601
608,Scarles,Ollie,Scarles,19,DEF,4.5,2025-08-05 11:41:48.981601
609,Todibo,Jean-Clair,Todibo,19,DEF,4.5,2025-08-05 11:41:48.981601
610,Wan-Bissaka,Aaron,Wan-Bissaka,19,DEF,4.5,2025-08-05 11:41:48.981601
611,Casey,Kaelan,Casey,19,DEF,4.0,2025-08-05 11:41:48.981601
612,L.Paquetá,Lucas,Tolentino Coelho de Lima,19,MID,6.0,2025-08-05 11:41:48.981601
613,Souček,Tomáš,Souček,19,MID,6.0,2025-08-05 11:41:48.981601
614,Ward-Prowse,James,Ward-Prowse,19,MID,6.0,2025-08-05 11:41:48.981601
615,Summerville,Crysencio,Summerville,19,MID,5.5,2025-08-05 11:41:48.981601
616,Álvarez,Edson,Álvarez Velázquez,19,MID,5.0,2025-08-05 11:41:48.981601
617,Cornet,Maxwel,Cornet,19,MID,5.0,2025-08-05 11:41:48.981601
618,G.Rodriguez,Guido,Rodríguez,19,MID,5.0,2025-08-05 11:41:48.981601
619,L.Guilherme,Luis Guilherme,Lira dos Santos,19,MID,5.0,2025-08-05 11:41:48.981601
620,Earthy,George,Earthy,19,MID,4.5,2025-08-05 11:41:48.981601
621,Irving,Andy,Irving,19,MID,4.5,2025-08-05 11:41:48.981601
622,Orford,Lewis,Orford,19,MID,4.5,2025-08-05 11:41:48.981601
623,Potts,Freddie,Potts,19,MID,4.5,2025-08-05 11:41:48.981601
624,Bowen,Jarrod,Bowen,19,FWD,8.0,2025-08-05 11:41:48.981601
625,Füllkrug,Niclas,Füllkrug,19,FWD,6.0,2025-08-05 11:41:48.981601
626,Marshall,Callum,Marshall,19,FWD,4.5,2025-08-05 11:41:48.981601
659,Walker-Peters,Kyle,Walker-Peters,19,DEF,4.5,2025-08-05 11:41:48.981601
671,Wilson,Callum,Wilson,19,FWD,6.0,2025-08-05 11:41:48.981601
627,Johnstone,Sam,Johnstone,20,GKP,4.5,2025-08-05 11:41:48.981601
628,José Sá,José,Malheiro de Sá,20,GKP,4.5,2025-08-05 11:41:48.981601
629,Bentley,Daniel,Bentley,20,GKP,4.0,2025-08-05 11:41:48.981601
630,King,Tom,King,20,GKP,4.0,2025-08-05 11:41:48.981601
631,Agbadou,Emmanuel,Agbadou,20,DEF,4.5,2025-08-05 11:41:48.981601
632,Doherty,Matt,Doherty,20,DEF,4.5,2025-08-05 11:41:48.981601
633,H.Bueno,Hugo,Bueno López,20,DEF,4.5,2025-08-05 11:41:48.981601
634,Mosquera,Yerson,Mosquera Valdelamar,20,DEF,4.5,2025-08-05 11:41:48.981601
635,R.Gomes,Rodrigo,Martins Gomes,20,DEF,4.5,2025-08-05 11:41:48.981601
636,S.Bueno,Santiago,Ignacio Bueno,20,DEF,4.5,2025-08-05 11:41:48.981601
637,Toti,Toti,Gomes,20,DEF,4.5,2025-08-05 11:41:48.981601
638,Hoever,Ki-Jana,Hoever,20,DEF,4.0,2025-08-05 11:41:48.981601
639,Meupiyou,Bastien,Meupiyou Menadjou,20,DEF,4.0,2025-08-05 11:41:48.981601
640,Pedro Lima,Pedro,Cardoso de Lima,20,DEF,4.0,2025-08-05 11:41:48.981601
641,Pond,Alfie,Pond,20,DEF,4.0,2025-08-05 11:41:48.981601
642,Hee Chan,Hwang,Hee-chan,20,MID,6.0,2025-08-05 11:41:48.981601
643,André,André,Trindade da Costa Neto,20,MID,5.5,2025-08-05 11:41:48.981601
644,Bellegarde,Jean-Ricner,Bellegarde,20,MID,5.5,2025-08-05 11:41:48.981601
645,Fer López,Fer,López González,20,MID,5.5,2025-08-05 11:41:48.981601
646,Gomes,João Victor,Gomes da Silva,20,MID,5.5,2025-08-05 11:41:48.981601
647,Guedes,Gonçalo Manuel,Ganchinho Guedes,20,MID,5.5,2025-08-05 11:41:48.981601
648,Munetsi,Marshall,Munetsi,20,MID,5.5,2025-08-05 11:41:48.981601
649,B.Traore,Boubacar,Traoré,20,MID,5.0,2025-08-05 11:41:48.981601
650,Chirewa,Tawanda,Chirewa,20,MID,4.5,2025-08-05 11:41:48.981601
651,Edozie,Tom,Edozie,20,MID,4.5,2025-08-05 11:41:48.981601
652,Gonzalez,Enso,González Medina,20,MID,4.5,2025-08-05 11:41:48.981601
653,Hodge,Joe,Hodge,20,MID,4.5,2025-08-05 11:41:48.981601
654,Strand Larsen,Jørgen,Strand Larsen,20,FWD,6.5,2025-08-05 11:41:48.981601
655,Fábio Silva,Fábio,Soares Silva,20,FWD,5.0,2025-08-05 11:41:48.981601
656,Kalajdžić,Saša,Kalajdžić,20,FWD,5.0,2025-08-05 11:41:48.981601
657,Chiwome,Leon,Chiwome,20,FWD,4.5,2025-08-05 11:41:48.981601
658,Fraser,Nathan,Fraser,20,FWD,4.5,2025-08-05 11:41:48.981601
663,J.Arias,Jhon,Arias,20,MID,5.5,2025-08-05 11:41:48.981601
